,landing_page_id,origin,sdr_id,sr_id,business_segment,lead_type,lead_behaviour_profile,business_type,seller_state,sdr_load,sr_load
0,100,organic_search,high,high,electronics,online_medium,"cat, wolf",reseller,MG,6.0,5.0
1,100,paid_search,high,high,home,online_small,eagle,manufacturer,SP,20.0,14.0
2,46,social,high,high,home,online_medium,cat,manufacturer,PR,69.0,74.0
3,62,organic_search,high,high,kids,online_medium,cat,reseller,SP,18.0,17.0
4,56,unknown,high,high,miscellaneous,online_big,cat,reseller,SP,29.0,26.0
5,100,rest,high,high,automobiles,online_big,wolf,manufacturer,RS,17.0,12.0
6,13,organic_search,high,high,home,online_medium,wolf,manufacturer,SP,16.0,9.0
7,100,unknown,high,high,kids,online_medium,cat,reseller,SP,68.0,73.0
8,13,direct_traffic,high,high,miscellaneous,online_big,cat,manufacturer,SP,15.0,9.0
9,26,organic_search,high,high,food,online_medium,cat,reseller,SC,15.0,16.0
10,56,unknown,high,high,pet,online_top,cat,reseller,SP,11.0,15.0
11,100,paid_search,high,high,health,online_medium,cat,manufacturer,SP,8.0,7.0
12,56,social,high,high,kids,online_medium,cat,manufacturer,MG,34.0,56.0
13,100,organic_search,high,high,electronics,online_medium,cat,reseller,SP,39.0,54.0
14,100,organic_search,mid,high,pet,online_medium,cat,reseller,MG,7.0,14.0
15,100,paid_search,mid,high,furniture,offline,cat,manufacturer,SP,8.0,15.0
16,56,unknown,mid,high,miscellaneous,online_medium,eagle,reseller,ES,10.0,13.0
17,100,rest,mid,high,hobby,online_small,cat,manufacturer,SP,24.0,25.0
18,13,direct_traffic,mid,high,home,industry,cat,manufacturer,RJ,12.0,14.0
19,56,unknown,mid,high,health,online_medium,cat,manufacturer,SP,31.0,37.0
20,100,unknown,mid,high,automobiles,online_medium,cat,reseller,SP,12.0,15.0
21,56,unknown,mid,high,miscellaneous,online_small,cat,reseller,PR,11.0,12.0
22,56,organic_search,mid,high,home,online_medium,cat,manufacturer,SP,12.0,15.0
23,56,unknown,mid,high,food,offline,cat,reseller,SP,12.0,16.0
24,13,organic_search,mid,high,miscellaneous,online_big,cat,manufacturer,SP,10.0,12.0
25,26,paid_search,mid,high,utility,offline,eagle,reseller,SC,14.0,19.0
26,13,organic_search,mid,high,electronics,online_medium,cat,reseller,SP,11.0,14.0
27,100,paid_search,mid,high,automobiles,online_medium,eagle,reseller,MG,17.0,21.0
28,13,organic_search,mid,high,home,online_medium,eagle,manufacturer,SP,16.0,18.0
29,100,paid_search,mid,high,home,online_medium,cat,manufacturer,MG,7.0,15.0
30,56,unknown,mid,high,home,offline,cat,reseller,SP,16.0,19.0
31,100,direct_traffic,mid,high,home,online_medium,cat,manufacturer,GO,13.0,20.0
32,56,organic_search,mid,high,kids,online_medium,eagle,reseller,RJ,9.0,14.0
33,56,unknown,mid,high,miscellaneous,online_medium,eagle,reseller,SP,10.0,13.0
34,56,organic_search,mid,high,electronics,industry,cat,manufacturer,SP,19.0,20.0
35,100,social,mid,high,electronics,industry,eagle,reseller,DF,16.0,20.0
36,56,unknown,mid,high,kids,online_medium,cat,reseller,SP,8.0,10.0
37,26,paid_search,mid,high,health,online_big,eagle,reseller,SP,12.0,13.0
38,46,social,mid,high,health,offline,wolf,reseller,SP,11.0,25.0
39,56,organic_search,mid,high,automobiles,online_medium,cat,reseller,SP,17.0,17.0
40,62,paid_search,mid,high,electronics,online_small,cat,reseller,SP,13.0,15.0
41,100,direct_traffic,mid,high,health,online_medium,cat,reseller,SP,13.0,16.0
42,46,social,mid,high,kids,online_medium,cat,reseller,SP,11.0,15.0
43,100,organic_search,mid,high,miscellaneous,industry,eagle,reseller,SP,11.0,16.0
44,100,paid_search,mid,high,miscellaneous,online_medium,cat,reseller,SP,27.0,28.0
45,13,unknown,mid,high,food,industry,cat,reseller,SP,5.0,15.0
46,56,unknown,mid,high,home,online_big,cat,manufacturer,SP,13.0,16.0
47,62,paid_search,mid,high,home,online_medium,cat,reseller,SP,15.0,22.0
48,100,paid_search,mid,high,home,industry,cat,manufacturer,SC,9.0,15.0
49,26,paid_search,mid,high,health,online_small,cat,manufacturer,SP,12.0,20.0
50,46,social,mid,high,miscellaneous,online_beginner,cat,reseller,SP,10.0,12.0
51,56,unknown,mid,high,miscellaneous,online_medium,cat,reseller,SP,15.0,22.0
52,13,organic_search,mid,high,health,online_small,cat,reseller,SP,11.0,16.0
53,100,paid_search,mid,high,kids,industry,cat,manufacturer,SP,11.0,14.0
54,46,social,mid,high,kids,online_small,cat,reseller,SP,21.0,26.0
55,56,unknown,mid,high,hobby,offline,cat,reseller,SP,14.0,52.0
56,56,unknown,mid,high,kids,online_big,eagle,reseller,SP,7.0,12.0
57,56,organic_search,mid,high,electronics,one_seven_two,cat,reseller,SP,7.0,13.0
58,31,social,mid,high,health,online_medium,cat,reseller,SP,12.0,20.0
59,100,paid_search,mid,high,health,online_medium,cat,reseller,RJ,9.0,15.0
60,13,organic_search,low,high,health,online_top,cat,reseller,SP,6.0,7.0
61,100,paid_search,low,high,hobby,offline,cat,manufacturer,SP,10.0,6.0
62,13,organic_search,low,high,miscellaneous,online_big,cat,reseller,SP,11.0,7.0
63,56,unknown,low,high,home,online_medium,cat,reseller,SP,11.0,7.0
64,100,rest,low,high,electronics,online_big,cat,reseller,GO,10.0,6.0
65,62,direct_traffic,low,high,electronics,online_medium,cat,reseller,SP,3.0,6.0
66,46,social,low,high,pet,online_small,cat,reseller,RJ,13.0,25.0
67,13,unknown,low,high,electronics,online_medium,cat,reseller,SP,12.0,20.0
68,100,direct_traffic,low,high,home,online_small,cat,reseller,MG,9.0,21.0
69,56,unknown,low,high,health,offline,cat,manufacturer,RS,4.0,12.0
70,56,unknown,low,high,home,online_big,cat,reseller,RJ,4.0,7.0
71,100,rest,low,high,health,online_big,cat,reseller,RJ,2.0,4.0
72,26,paid_search,low,high,pet,industry,eagle,manufacturer,PR,2.0,6.0
73,100,paid_search,low,high,automobiles,online_big,cat,reseller,SP,7.0,16.0
74,26,paid_search,low,high,electronics,online_big,cat,reseller,SP,1.0,47.0
75,100,unknown,high,high,home,industry,wolf,manufacturer,SP,69.0,40.0
76,100,organic_search,high,high,home,online_medium,wolf,reseller,RJ,19.0,5.0
77,100,paid_search,high,high,miscellaneous,online_medium,wolf,reseller,SP,14.0,11.0
78,56,unknown,high,high,electronics,online_medium,wolf,reseller,SP,22.0,8.0
79,13,organic_search,high,high,health,online_big,cat,reseller,SP,15.0,10.0
80,100,paid_search,high,high,electronics,online_medium,cat,reseller,SP,15.0,11.0
81,46,social,high,high,food,online_small,cat,reseller,RS,30.0,15.0
82,26,paid_search,high,high,home,online_medium,cat,reseller,ES,15.0,11.0
83,26,paid_search,high,high,electronics,industry,cat,reseller,SP,21.0,11.0
84,31,unknown,high,high,hobby,online_medium,wolf,reseller,SP,15.0,7.0
85,56,unknown,high,high,kids,online_beginner,cat,reseller,SP,10.0,6.0
86,100,direct_traffic,high,high,kids,online_small,cat,reseller,MG,9.0,8.0
87,26,paid_search,high,high,home,online_medium,cat,manufacturer,MG,12.0,11.0
88,26,paid_search,high,high,utility,online_medium,cat,reseller,SP,9.0,7.0
89,100,organic_search,mid,high,home,online_big,cat,reseller,SP,8.0,6.0
90,13,rest,mid,high,health,offline,eagle,reseller,MG,11.0,7.0
91,13,organic_search,mid,high,hobby,online_medium,cat,reseller,PE,15.0,11.0
92,56,unknown,mid,high,automobiles,online_medium,cat,reseller,SC,30.0,39.0
93,56,organic_search,mid,high,kids,online_big,cat,reseller,SP,23.0,17.0
94,13,organic_search,mid,high,pet,industry,cat,reseller,PR,24.0,17.0
95,62,organic_search,mid,high,home,industry,eagle,reseller,PR,8.0,6.0
96,56,unknown,mid,high,electronics,online_big,eagle,reseller,PR,16.0,11.0
97,13,organic_search,mid,high,pet,online_big,eagle,reseller,SP,16.0,12.0
98,100,paid_search,mid,high,miscellaneous,online_big,cat,reseller,MG,5.0,6.0
99,62,paid_search,mid,high,electronics,online_beginner,cat,reseller,PR,22.0,36.0
100,13,paid_search,mid,high,home,online_big,cat,reseller,PR,9.0,9.0
101,56,unknown,mid,high,home,industry,cat,manufacturer,SP,9.0,9.0
102,56,unknown,mid,high,home,online_medium,cat,reseller,RS,11.0,10.0
103,13,organic_search,mid,high,health,online_beginner,cat,reseller,SP,12.0,10.0
104,100,paid_search,mid,high,food,online_small,cat,reseller,RJ,22.0,20.0
105,100,paid_search,mid,high,health,industry,cat,manufacturer,SP,7.0,4.0
106,31,social,mid,high,health,online_medium,cat,reseller,SP,12.0,17.0
107,100,unknown,mid,high,electronics,online_medium,wolf,reseller,PR,4.0,8.0
108,13,organic_search,mid,high,miscellaneous,online_medium,wolf,reseller,SP,6.0,8.0
109,100,paid_search,mid,high,hobby,offline,eagle,two_eight_seven,SP,5.0,9.0
110,100,unknown,mid,high,home,online_big,wolf,reseller,SP,6.0,7.0
111,13,organic_search,mid,high,electronics,online_medium,eagle,reseller,RS,5.0,6.0
112,100,unknown,mid,high,pet,online_top,cat,manufacturer,SP,4.0,3.0
113,100,paid_search,low,high,automobiles,online_medium,cat,manufacturer,SP,6.0,4.0
114,26,organic_search,low,high,miscellaneous,online_medium,cat,reseller,SP,3.0,2.0
115,56,unknown,low,high,miscellaneous,online_big,eagle,reseller,PB,1.0,23.0
116,100,direct_traffic,high,mid,home,online_beginner,cat,manufacturer,SP,23.0,13.0
117,100,paid_search,high,mid,miscellaneous,online_medium,wolf,reseller,SC,12.0,6.0
118,56,organic_search,high,mid,home,online_medium,cat,manufacturer,PR,49.0,23.0
119,46,social,high,mid,electronics,online_medium,wolf,reseller,SP,42.0,22.0
120,13,direct_traffic,high,mid,automobiles,online_medium,wolf,reseller,SP,10.0,6.0
121,100,organic_search,high,mid,health,online_medium,wolf,reseller,SP,12.0,3.0
122,100,organic_search,high,mid,food,online_medium,wolf,reseller,SP,55.0,27.0
123,100,direct_traffic,high,mid,miscellaneous,online_medium,cat,reseller,DF,15.0,7.0
124,13,organic_search,high,mid,home,online_medium,cat,reseller,SP,18.0,10.0
125,100,direct_traffic,high,mid,home,online_medium,wolf,manufacturer,SP,19.0,7.0
126,13,paid_search,high,mid,home,online_medium,cat,reseller,SP,11.0,4.0
127,62,paid_search,high,mid,home,online_big,wolf,manufacturer,MG,21.0,7.0
128,13,rest,high,mid,electronics,online_big,cat,reseller,MG,11.0,6.0
129,56,unknown,high,mid,miscellaneous,online_small,cat,reseller,PR,12.0,6.0
130,26,organic_search,high,mid,hobby,online_medium,cat,reseller,SP,10.0,4.0
131,56,unknown,high,mid,home,online_medium,cat,manufacturer,SP,15.0,9.0
132,13,rest,high,mid,pet,online_medium,wolf,reseller,SP,21.0,13.0
133,56,unknown,high,mid,miscellaneous,online_medium,cat,reseller,SP,11.0,8.0
134,13,organic_search,mid,mid,home,online_big,cat,reseller,SC,9.0,7.0
135,13,direct_traffic,mid,mid,miscellaneous,offline,cat,reseller,SP,30.0,21.0
136,100,paid_search,mid,mid,electronics,online_medium,eagle,reseller,SP,9.0,4.0
137,100,organic_search,mid,mid,automobiles,online_medium,cat,reseller,SP,3.0,6.0
138,13,paid_search,mid,mid,miscellaneous,online_big,cat,reseller,SP,3.0,6.0
139,100,unknown,mid,mid,home,offline,eagle,reseller,MG,17.0,6.0
140,62,organic_search,mid,mid,automobiles,online_big,eagle,manufacturer,PR,6.0,7.0
141,13,rest,mid,mid,miscellaneous,online_medium,cat,reseller,RJ,5.0,6.0
142,13,paid_search,mid,mid,home,online_small,cat,reseller,SP,10.0,8.0
143,13,unknown,mid,mid,electronics,industry,cat,reseller,SP,11.0,11.0
144,56,unknown,mid,mid,home,online_big,cat,reseller,RS,12.0,12.0
145,100,paid_search,mid,mid,home,offline,wolf,reseller,SP,13.0,11.0
146,100,paid_search,mid,mid,electronics,online_beginner,cat,reseller,SP,3.0,4.0
147,100,organic_search,low,mid,home,online_big,cat,reseller,RS,14.0,15.0
148,100,paid_search,low,mid,home,online_medium,eagle,reseller,SC,6.0,7.0
149,100,organic_search,low,mid,health,industry,cat,manufacturer,SP,12.0,8.0
150,56,unknown,low,mid,hobby,online_medium,eagle,reseller,SP,3.0,5.0
151,100,organic_search,low,mid,home,online_medium,cat,reseller,PR,6.0,7.0
152,56,unknown,high,mid,home,online_big,shark,manufacturer,SP,20.0,13.0
153,56,organic_search,high,mid,home,online_big,wolf,manufacturer,MG,19.0,11.0
154,100,rest,high,mid,miscellaneous,online_medium,cat,manufacturer,SP,16.0,5.0
155,100,social,high,mid,electronics,online_big,cat,reseller,PR,11.0,6.0
156,100,organic_search,high,mid,automobiles,industry,eagle,reseller,MG,5.0,8.0
157,13,paid_search,high,mid,home,online_medium,cat,reseller,SP,17.0,7.0
158,100,paid_search,high,mid,electronics,online_medium,cat,reseller,RJ,34.0,26.0
159,56,organic_search,mid,mid,miscellaneous,online_medium,cat,reseller,SP,24.0,25.0
160,56,unknown,mid,mid,furniture,industry,cat,manufacturer,SP,16.0,11.0
161,100,organic_search,mid,mid,home,online_medium,eagle,reseller,SP,7.0,11.0
162,100,rest,mid,mid,home,online_medium,cat,reseller,ES,9.0,10.0
163,100,unknown,mid,mid,automobiles,online_big,cat,reseller,PR,19.0,7.0
164,62,organic_search,mid,mid,home,online_big,cat,reseller,SP,17.0,11.0
165,13,organic_search,mid,mid,hobby,online_medium,cat,reseller,SP,7.0,14.0
166,100,paid_search,mid,mid,miscellaneous,offline,shark,reseller,SP,8.0,8.0
167,13,organic_search,mid,mid,food,online_medium,cat,reseller,SP,15.0,6.0
168,100,organic_search,mid,mid,miscellaneous,online_big,cat,reseller,SP,8.0,7.0
169,26,paid_search,mid,mid,miscellaneous,online_big,cat,manufacturer,SP,28.0,13.0
170,100,paid_search,mid,mid,home,offline,cat,reseller,SP,9.0,22.0
171,13,direct_traffic,mid,mid,pet,online_big,cat,manufacturer,RJ,7.0,10.0
172,100,paid_search,mid,mid,home,industry,wolf,manufacturer,BA,10.0,8.0
173,56,direct_traffic,mid,mid,electronics,online_medium,cat,reseller,SP,7.0,11.0
174,31,social,mid,mid,electronics,online_big,cat,reseller,SP,7.0,10.0
175,62,organic_search,mid,mid,home,online_medium,cat,reseller,SP,7.0,10.0
176,56,unknown,mid,mid,home,online_medium,cat,reseller,SP,2.0,10.0
177,13,organic_search,mid,mid,miscellaneous,online_medium,cat,manufacturer,PR,6.0,8.0
178,13,rest,low,mid,health,online_medium,cat,reseller,SP,6.0,8.0
179,100,paid_search,low,mid,miscellaneous,online_big,wolf,reseller,RJ,14.0,31.0
180,26,paid_search,low,mid,health,industry,wolf,manufacturer,SP,14.0,31.0
181,13,organic_search,low,mid,electronics,online_small,cat,reseller,MG,7.0,13.0
182,56,unknown,low,mid,home,offline,cat,reseller,SP,10.0,10.0
183,62,organic_search,low,mid,kids,online_medium,wolf,reseller,SP,10.0,23.0
184,26,paid_search,high,mid,home,industry,shark,reseller,PR,24.0,6.0
185,13,organic_search,high,mid,kids,online_medium,cat,reseller,RS,15.0,3.0
186,56,unknown,high,mid,electronics,online_medium,wolf,reseller,SP,24.0,11.0
187,13,organic_search,high,mid,home,online_beginner,cat,manufacturer,SP,10.0,5.0
188,100,rest,high,mid,electronics,online_big,cat,reseller,PR,12.0,5.0
189,31,social,high,mid,pet,online_medium,cat,reseller,SP,10.0,11.0
190,100,direct_traffic,high,mid,health,online_big,cat,manufacturer,CE,10.0,3.0
191,26,paid_search,high,mid,home,online_medium,cat,manufacturer,MG,11.0,5.0
192,31,social,high,mid,kids,online_medium,cat,manufacturer,RS,15.0,10.0
193,56,unknown,high,mid,home,online_top,cat,manufacturer,SC,11.0,4.0
194,26,paid_search,mid,mid,hobby,online_medium,cat,manufacturer,RS,11.0,6.0
195,56,unknown,mid,mid,electronics,online_big,cat,reseller,RS,2.0,3.0
196,13,organic_search,mid,mid,home,online_medium,cat,manufacturer,RJ,6.0,2.0
197,31,social,mid,mid,home,online_big,cat,manufacturer,RS,20.0,12.0
198,56,unknown,mid,mid,electronics,online_big,cat,reseller,SP,20.0,14.0
199,13,organic_search,mid,mid,electronics,online_medium,cat,reseller,PR,13.0,8.0
200,26,paid_search,mid,mid,health,industry,cat,manufacturer,RS,10.0,6.0
201,13,paid_search,mid,mid,kids,online_medium,cat,manufacturer,SP,16.0,10.0
202,56,unknown,mid,mid,automobiles,online_medium,eagle,reseller,SP,27.0,25.0
203,26,paid_search,mid,mid,home,online_medium,cat,manufacturer,PR,14.0,6.0
204,26,organic_search,mid,mid,home,online_medium,eagle,manufacturer,RS,21.0,6.0
205,13,organic_search,mid,mid,food,online_medium,cat,reseller,SP,18.0,4.0
206,13,rest,mid,mid,miscellaneous,offline,cat,reseller,SP,8.0,1.0
207,100,unknown,mid,mid,automobiles,online_big,cat,reseller,MG,5.0,1.0
208,100,organic_search,mid,mid,electronics,industry,wolf,reseller,SP,3.0,3.0
209,31,social,mid,mid,pet,online_medium,shark,reseller,SP,5.0,2.0
210,56,unknown,low,mid,health,online_medium,cat,reseller,SP,10.0,5.0
211,56,organic_search,low,mid,home,online_big,cat,reseller,SP,12.0,7.0
212,56,unknown,low,mid,home,online_small,cat,reseller,SP,10.0,3.0
213,13,rest,low,mid,automobiles,online_big,cat,reseller,SP,11.0,13.0
214,62,organic_search,high,mid,health,online_big,cat,reseller,SP,36.0,10.0
215,100,organic_search,high,mid,electronics,online_medium,wolf,reseller,SP,21.0,8.0
216,100,paid_search,high,mid,electronics,online_medium,cat,reseller,SP,11.0,3.0
217,13,organic_search,high,mid,home,online_big,shark,reseller,RJ,18.0,4.0
218,13,organic_search,high,mid,home,online_big,cat,reseller,SP,9.0,5.0
219,100,paid_search,high,mid,home,online_big,cat,reseller,SP,43.0,25.0
220,100,organic_search,high,mid,electronics,online_big,cat,manufacturer,CE,16.0,10.0
221,62,direct_traffic,high,mid,pet,one_seven_two,cat,reseller,SP,11.0,7.0
222,100,rest,high,mid,health,online_medium,cat,reseller,SP,27.0,19.0
223,13,organic_search,high,mid,home,online_medium,cat,reseller,RJ,10.0,6.0
224,100,organic_search,high,mid,hobby,online_big,cat,reseller,SP,18.0,11.0
225,56,unknown,mid,mid,home,online_medium,wolf,reseller,SP,8.0,6.0
227,26,paid_search,mid,mid,health,offline,cat,reseller,RJ,11.0,8.0
228,100,rest,mid,mid,home,online_medium,cat,reseller,SP,9.0,5.0
229,56,organic_search,mid,mid,automobiles,industry,cat,reseller,GO,13.0,9.0
230,100,paid_search,mid,mid,health,online_small,cat,reseller,RJ,8.0,3.0
231,56,unknown,mid,mid,kids,online_medium,cat,reseller,DF,9.0,4.0
232,13,direct_traffic,mid,mid,home,online_small,cat,reseller,SC,8.0,7.0
233,62,social,mid,mid,home,online_medium,wolf,reseller,SC,6.0,6.0
234,13,paid_search,mid,mid,pet,online_medium,cat,reseller,PR,13.0,9.0
235,100,paid_search,mid,mid,automobiles,online_big,eagle,reseller,SP,13.0,8.0
236,26,paid_search,mid,mid,health,offline,eagle,reseller,RJ,7.0,4.0
237,100,direct_traffic,mid,mid,automobiles,online_big,cat,reseller,SC,5.0,4.0
238,56,unknown,low,mid,hobby,online_medium,"eagle, cat",reseller,SP,14.0,6.0
239,26,organic_search,low,mid,health,online_medium,cat,manufacturer,MG,4.0,4.0
240,100,organic_search,low,mid,automobiles,online_beginner,cat,reseller,BA,14.0,10.0
241,13,organic_search,low,mid,miscellaneous,online_big,cat,reseller,RJ,3.0,2.0
242,46,social,low,mid,kids,online_small,cat,reseller,SP,1.0,4.0
243,56,unknown,high,mid,miscellaneous,online_medium,cat,reseller,SP,14.0,8.0
244,56,unknown,high,mid,health,online_big,cat,reseller,SP,14.0,7.0
245,13,organic_search,high,mid,home,industry,cat,manufacturer,SP,13.0,5.0
246,100,paid_search,high,mid,home,online_medium,cat,reseller,SP,13.0,6.0
247,100,unknown,high,mid,health,online_medium,cat,reseller,RJ,13.0,6.0
248,13,organic_search,mid,mid,food,online_medium,cat,manufacturer,BA,9.0,4.0
249,56,unknown,mid,mid,automobiles,online_beginner,cat,reseller,SP,8.0,4.0
250,100,rest,mid,mid,health,online_medium,cat,reseller,SP,12.0,6.0
251,56,unknown,mid,mid,utility,online_big,cat,reseller,SP,16.0,12.0
252,13,organic_search,mid,mid,home,online_medium,cat,manufacturer,SP,9.0,4.0
253,62,paid_search,mid,mid,kids,online_medium,cat,reseller,SP,24.0,17.0
254,26,paid_search,mid,mid,home,offline,eagle,reseller,SP,12.0,2.0
255,56,organic_search,mid,mid,automobiles,industry,cat,reseller,MG,7.0,3.0
256,46,social,mid,mid,electronics,online_big,cat,reseller,SP,12.0,13.0
257,56,unknown,mid,mid,miscellaneous,industry,eagle,reseller,SP,8.0,4.0
258,100,direct_traffic,mid,mid,health,online_beginner,cat,reseller,RJ,2.0,1.0
259,100,paid_search,low,mid,home,online_medium,wolf,reseller,SP,4.0,1.0
260,31,social,low,mid,electronics,online_small,eagle,reseller,PR,4.0,1.0
261,26,organic_search,low,mid,automobiles,industry,cat,reseller,SP,12.0,8.0
262,62,direct_traffic,low,mid,food,offline,cat,reseller,SC,3.0,3.0
263,100,paid_search,low,mid,home,industry,cat,manufacturer,PR,11.0,7.0
264,62,rest,low,mid,kids,online_big,cat,reseller,SP,10.0,7.0
265,46,social,low,mid,pet,online_medium,cat,reseller,SP,12.0,9.0
266,26,paid_search,high,mid,electronics,online_beginner,cat,reseller,SP,9.0,4.0
267,26,organic_search,high,mid,home,online_medium,cat,reseller,SP,15.0,2.0
268,56,paid_search,high,mid,home,online_beginner,cat,reseller,SP,7.0,3.0
269,100,paid_search,high,mid,electronics,online_beginner,wolf,reseller,SP,61.0,19.0
270,56,unknown,high,mid,electronics,online_medium,cat,reseller,SP,16.0,4.0
271,100,organic_search,high,mid,automobiles,online_medium,cat,reseller,SP,11.0,4.0
272,62,direct_traffic,high,mid,home,offline,cat,reseller,SP,10.0,2.0
273,46,organic_search,high,mid,miscellaneous,online_medium,cat,reseller,PR,16.0,5.0
274,13,organic_search,mid,mid,pet,online_small,cat,reseller,SP,20.0,9.0
275,26,organic_search,mid,mid,home,online_big,cat,reseller,SP,20.0,9.0
276,13,direct_traffic,mid,mid,hobby,online_medium,cat,reseller,RS,12.0,5.0
277,100,paid_search,mid,mid,home,online_big,cat,reseller,SP,10.0,3.0
278,62,organic_search,mid,mid,home,online_medium,cat,manufacturer,SP,5.0,6.0
279,62,organic_search,mid,mid,hobby,online_big,eagle,reseller,SP,10.0,3.0
280,62,organic_search,mid,mid,miscellaneous,online_medium,cat,reseller,MG,20.0,7.0
281,13,direct_traffic,mid,mid,home,online_medium,cat,reseller,SP,11.0,9.0
282,100,paid_search,low,mid,automobiles,online_big,eagle,reseller,SC,14.0,20.0
283,26,paid_search,low,mid,home,online_medium,cat,reseller,SP,6.0,7.0
284,13,paid_search,low,mid,food,online_top,eagle,manufacturer,SP,6.0,7.0
285,100,direct_traffic,low,mid,electronics,offline,wolf,reseller,SP,11.0,10.0
286,13,organic_search,low,mid,hobby,online_small,cat,reseller,PR,4.0,4.0
287,13,paid_search,high,low,home,online_medium,wolf,manufacturer,MG,17.0,6.0
288,56,unknown,high,low,home,online_medium,cat,reseller,SP,9.0,3.0
289,100,paid_search,high,low,home,online_medium,cat,manufacturer,RS,23.0,9.0
290,100,paid_search,high,low,hobby,online_medium,cat,reseller,SP,11.0,5.0
291,13,organic_search,high,low,home,online_top,cat,reseller,SP,11.0,5.0
292,13,unknown,high,low,home,online_medium,cat,reseller,SP,10.0,3.0
293,31,social,high,low,automobiles,online_medium,cat,reseller,SP,15.0,7.0
294,100,paid_search,mid,low,health,online_medium,cat,reseller,SP,14.0,1.0
295,56,unknown,mid,low,electronics,online_medium,cat,manufacturer,SP,11.0,3.0
296,56,paid_search,mid,low,automobiles,online_medium,cat,manufacturer,MG,10.0,2.0
297,26,paid_search,mid,low,automobiles,online_big,cat,reseller,SP,8.0,6.0
298,100,paid_search,mid,low,home,online_medium,wolf,reseller,SP,5.0,1.0
299,100,unknown,mid,low,health,online_medium,shark,reseller,SP,13.0,10.0
300,13,organic_search,low,low,automobiles,offline,cat,reseller,RJ,3.0,3.0
301,100,organic_search,low,low,electronics,offline,cat,two_eight_seven,RJ,6.0,4.0
302,56,organic_search,low,low,home,online_beginner,cat,reseller,SC,3.0,2.0
303,56,unknown,low,low,home,industry,cat,reseller,SC,3.0,3.0
304,100,direct_traffic,low,low,hobby,online_medium,shark,reseller,SC,8.0,17.0
305,13,direct_traffic,high,low,miscellaneous,industry,wolf,reseller,SP,21.0,10.0
306,26,paid_search,high,low,miscellaneous,online_medium,eagle,reseller,MG,17.0,7.0
307,13,organic_search,high,low,electronics,online_big,cat,reseller,GO,15.0,6.0
308,100,rest,high,low,electronics,offline,cat,reseller,SP,16.0,3.0
309,56,unknown,high,low,home,online_medium,wolf,reseller,SP,17.0,7.0
310,100,organic_search,high,low,home,industry,wolf,manufacturer,SP,47.0,14.0
311,62,organic_search,high,low,electronics,online_beginner,cat,reseller,PR,8.0,6.0
312,100,direct_traffic,mid,low,home,online_small,cat,manufacturer,GO,8.0,4.0
313,100,rest,mid,low,electronics,online_medium,cat,two_eight_seven,SP,14.0,4.0
314,13,organic_search,mid,low,home,online_medium,eagle,manufacturer,SP,11.0,5.0
315,13,organic_search,mid,low,electronics,one_seven_two,cat,reseller,SP,14.0,4.0
316,62,direct_traffic,mid,low,food,online_medium,cat,reseller,SC,20.0,13.0
317,100,paid_search,mid,low,pet,industry,eagle,reseller,SP,9.0,6.0
318,62,organic_search,mid,low,home,online_big,cat,reseller,SP,15.0,10.0
319,26,paid_search,low,low,home,online_medium,cat,manufacturer,RJ,0.0,7.0
320,56,unknown,high,low,home,online_small,wolf,reseller,SC,22.0,3.0
321,56,unknown,high,low,home,online_medium,cat,reseller,SP,41.0,8.0
322,13,organic_search,high,low,home,online_beginner,cat,reseller,SP,35.0,8.0
323,56,unknown,high,low,electronics,online_medium,cat,reseller,SP,8.0,5.0
324,56,unknown,high,low,hobby,online_medium,cat,reseller,SC,8.0,3.0
325,100,paid_search,high,low,health,online_small,cat,reseller,DF,39.0,11.0
326,13,organic_search,mid,low,pet,online_medium,cat,reseller,SP,12.0,3.0
327,100,organic_search,mid,low,electronics,online_medium,cat,manufacturer,SC,13.0,5.0
328,13,paid_search,mid,low,health,online_medium,shark,reseller,SP,8.0,4.0
329,100,rest,mid,low,food,online_medium,cat,manufacturer,SP,7.0,2.0
330,13,organic_search,low,low,health,online_medium,cat,reseller,SP,7.0,1.0
331,46,social,low,low,miscellaneous,industry,cat,reseller,RS,8.0,3.0
332,56,unknown,low,low,electronics,online_beginner,cat,reseller,SP,6.0,1.0
333,26,paid_search,low,low,food,industry,cat,manufacturer,ES,1.0,1.0
334,100,paid_search,high,low,home,industry,cat,manufacturer,SC,23.0,12.0
335,56,paid_search,mid,low,miscellaneous,industry,cat,manufacturer,SP,21.0,12.0
336,13,organic_search,mid,low,electronics,online_medium,cat,reseller,RS,30.0,12.0
337,100,paid_search,mid,low,health,online_big,wolf,reseller,PR,29.0,7.0
338,13,organic_search,mid,low,food,online_small,cat,reseller,PR,30.0,12.0
339,100,social,mid,low,health,online_medium,cat,reseller,SP,20.0,12.0
340,100,social,mid,low,home,online_medium,eagle,manufacturer,SP,8.0,11.0
341,13,organic_search,mid,low,miscellaneous,online_medium,eagle,reseller,SP,6.0,9.0
342,31,social,mid,low,home,online_beginner,eagle,reseller,SP,7.0,11.0
343,13,direct_traffic,low,low,kids,offline,cat,reseller,SP,11.0,10.0
344,100,paid_search,low,low,home,online_big,cat,reseller,SP,10.0,10.0
345,62,direct_traffic,low,low,home,online_big,cat,reseller,SP,4.0,9.0
346,62,organic_search,low,low,food,online_small,eagle,manufacturer,SP,5.0,9.0
347,46,social,high,low,home,online_big,cat,reseller,GO,35.0,5.0
348,62,organic_search,high,low,home,online_medium,shark,manufacturer,SC,14.0,3.0
349,100,organic_search,mid,low,miscellaneous,online_medium,cat,manufacturer,PR,20.0,10.0
350,100,paid_search,mid,low,automobiles,online_big,cat,reseller,SP,12.0,3.0
351,13,direct_traffic,mid,low,home,online_medium,cat,reseller,SP,13.0,4.0
352,100,paid_search,mid,low,home,online_medium,eagle,manufacturer,SP,26.0,10.0
353,13,paid_search,mid,low,home,online_medium,eagle,reseller,SP,13.0,1.0
354,62,paid_search,mid,low,home,online_medium,cat,reseller,SP,7.0,6.0
355,100,paid_search,mid,low,miscellaneous,online_big,cat,reseller,SP,5.0,3.0
356,56,unknown,mid,low,miscellaneous,online_big,cat,reseller,SP,5.0,5.0
357,56,unknown,low,low,kids,industry,cat,manufacturer,SP,5.0,5.0
358,26,social,low,low,furniture,online_beginner,eagle,reseller,SP,4.0,5.0
359,56,organic_search,high,low,electronics,online_medium,shark,reseller,SP,23.0,5.0
360,100,paid_search,high,low,kids,online_beginner,cat,manufacturer,SC,53.0,10.0
361,100,rest,high,low,home,offline,cat,reseller,PR,25.0,6.0
362,26,paid_search,high,low,home,online_medium,cat,reseller,MG,12.0,6.0
363,13,organic_search,mid,low,miscellaneous,online_big,cat,reseller,SP,15.0,6.0
364,100,paid_search,mid,low,miscellaneous,online_small,cat,reseller,SP,33.0,8.0
365,26,unknown,mid,low,electronics,online_medium,cat,reseller,SP,28.0,7.0
366,13,organic_search,mid,low,miscellaneous,industry,cat,manufacturer,PR,5.0,9.0
367,13,organic_search,mid,low,hobby,online_medium,eagle,reseller,SP,5.0,4.0
368,56,unknown,low,low,automobiles,online_medium,wolf,reseller,PR,9.0,3.0
369,100,unknown,low,low,miscellaneous,online_beginner,cat,reseller,SP,4.0,2.0
370,56,unknown,mid,low,food,online_medium,cat,manufacturer,SP,9.0,5.0
371,100,rest,mid,low,health,online_big,eagle,reseller,SP,23.0,5.0
372,26,paid_search,mid,low,health,online_big,wolf,reseller,GO,19.0,5.0
373,13,organic_search,low,low,home,industry,cat,reseller,MG,5.0,4.0
374,62,organic_search,low,low,home,offline,cat,reseller,SP,7.0,4.0
375,100,unknown,low,low,health,offline,eagle,reseller,RS,8.0,3.0
376,100,social,mid,low,home,online_big,cat,reseller,SP,20.0,1.0
377,100,paid_search,low,low,electronics,online_medium,eagle,reseller,RJ,8.0,1.0
378,100,paid_search,low,low,home,online_medium,wolf,manufacturer,RJ,0.0,0.0
379,56,unknown,low,low,miscellaneous,industry,cat,manufacturer,SP,14.0,0.0
